{"uagb_beta":"no","uag_enable_legacy_blocks":"yes","_uagb_allow_file_generation":"enabled","uag_enable_templates_button":"yes","uag_enable_block_condition":"enabled","uag_enable_masonry_gallery":"enabled","uag_enable_block_responsive":"enabled","uag_select_font_globally":[],"uag_load_select_font_globally":"disabled","uag_load_gfonts_locally":"disabled","uag_collapse_panels":"enabled","uag_copy_paste":"enabled","uag_preload_local_fonts":"disabled","uag_enable_coming_soon_mode":"disabled","uag_container_global_padding":"0","uag_container_global_elements_gap":20,"uag_blocks_editor_spacing":0,"uag_load_font_awesome_5":"disabled","uag_auto_block_recovery":"disabled","uag_content_width":1200,"spectra_core_blocks":["container","advanced-heading","image","buttons","info-box","call-to-action"]}